Series,Series Code,Country Name,Country Code,2011 [YR2011],2012 [YR2012],2013 [YR2013],2014 [YR2014],2015 [YR2015],2016 [YR2016]
"Primary completion rate, both sexes (%)",SE.PRM.CMPT.ZS,"Venezuela, RB",VEN,93.64474,95.03117,95.08064,96.01145,94.99336,91.9877
"Primary completion rate, both sexes (%)",SE.PRM.CMPT.ZS,Bolivia,BOL,97.77041,98.73998,96.01155,92.40764,90.46405,91.31645
"Primary completion rate, both sexes (%)",SE.PRM.CMPT.ZS,Chile,CHL,94.26261,96.46618,95.55192,95.33039,93.7303,92.7776
"Primary completion rate, both sexes (%)",SE.PRM.CMPT.ZS,Colombia,COL,119.93548,113.19153,102.10829,100.60181,100.46642,101.39393
"Primary completion rate, both sexes (%)",SE.PRM.CMPT.ZS,Peru,PER,99.77337,94.00942,95.14781,95.90407,99.44596,102.78095